"","year","region","mean","median","sd","skew","kurtosis"
"1",2015,"central",23.826819047619,23.6121333333333,1.68803953908155,0.324349704291105,-1.34994919108884
"2",2016,"central",22.9640052277433,23.1404833333333,3.77697288778068,-2.26488316968445,12.9481591377539
"3",2017,"central",20.1339168055556,19.92471875,3.38055843175375,-0.218300107730152,0.59834332614608
"4",2015,"south",23.585015340984,23.9855333333333,2.84696258030028,-0.583999241179261,0.791019047244467
"5",2016,"south",20.679220952381,20.8094,2.58830923970655,-0.0859987536316557,-0.441613755584906
"6",2017,"south",22.6142232118758,22.7478,2.47836499650472,-0.392258136611534,1.76498072664942
